path,label,generator,generator_id,source,split,row_idx,probability_ai,prediction
data/raw/defactify_eval/images/real_001.jpg,0,real,0,Defactify_Image_Dataset,test,1,0.91895425,1
data/raw/defactify_eval/images/real_002.jpg,0,real,0,Defactify_Image_Dataset,test,3,0.018239738,0
data/raw/defactify_eval/images/real_003.jpg,0,real,0,Defactify_Image_Dataset,test,22,0.013725424,0
data/raw/defactify_eval/images/real_004.jpg,0,real,0,Defactify_Image_Dataset,test,26,0.35713306,0
data/raw/defactify_eval/images/real_005.jpg,0,real,0,Defactify_Image_Dataset,test,31,0.000334291,0
data/raw/defactify_eval/images/real_006.jpg,0,real,0,Defactify_Image_Dataset,test,37,0.05792951,0
data/raw/defactify_eval/images/real_007.jpg,0,real,0,Defactify_Image_Dataset,test,48,0.032465108,0
data/raw/defactify_eval/images/real_008.jpg,0,real,0,Defactify_Image_Dataset,test,49,0.13751355,0
data/raw/defactify_eval/images/real_009.jpg,0,real,0,Defactify_Image_Dataset,test,52,0.87808657,1
data/raw/defactify_eval/images/real_010.jpg,0,real,0,Defactify_Image_Dataset,test,63,0.052395225,0
data/raw/defactify_eval/images/real_011.jpg,0,real,0,Defactify_Image_Dataset,test,66,0.23997991,0
data/raw/defactify_eval/images/real_012.jpg,0,real,0,Defactify_Image_Dataset,test,74,0.021186952,0
data/raw/defactify_eval/images/real_013.jpg,0,real,0,Defactify_Image_Dataset,test,78,0.017329669,0
data/raw/defactify_eval/images/real_014.jpg,0,real,0,Defactify_Image_Dataset,test,79,0.019893294,0
data/raw/defactify_eval/images/real_015.jpg,0,real,0,Defactify_Image_Dataset,test,92,0.75326,1
data/raw/defactify_eval/images/real_016.jpg,0,real,0,Defactify_Image_Dataset,test,101,0.0019832633,0
data/raw/defactify_eval/images/real_017.jpg,0,real,0,Defactify_Image_Dataset,test,107,0.087322064,0
data/raw/defactify_eval/images/real_018.jpg,0,real,0,Defactify_Image_Dataset,test,131,0.8655809,1
data/raw/defactify_eval/images/real_019.jpg,0,real,0,Defactify_Image_Dataset,test,137,0.012200873,0
data/raw/defactify_eval/images/real_020.jpg,0,real,0,Defactify_Image_Dataset,test,142,0.010996252,0
data/raw/defactify_eval/images/real_021.jpg,0,real,0,Defactify_Image_Dataset,test,148,0.3340872,0
data/raw/defactify_eval/images/real_022.jpg,0,real,0,Defactify_Image_Dataset,test,149,0.038969826,0
data/raw/defactify_eval/images/real_023.jpg,0,real,0,Defactify_Image_Dataset,test,159,0.009701519,0
data/raw/defactify_eval/images/real_024.jpg,0,real,0,Defactify_Image_Dataset,test,166,0.4084389,0
data/raw/defactify_eval/images/real_025.jpg,0,real,0,Defactify_Image_Dataset,test,170,0.04720265,0
data/raw/defactify_eval/images/real_026.jpg,0,real,0,Defactify_Image_Dataset,test,171,0.0015880096,0
data/raw/defactify_eval/images/real_027.jpg,0,real,0,Defactify_Image_Dataset,test,175,0.50255555,1
data/raw/defactify_eval/images/real_028.jpg,0,real,0,Defactify_Image_Dataset,test,177,0.1864137,0
data/raw/defactify_eval/images/real_029.jpg,0,real,0,Defactify_Image_Dataset,test,183,0.43710187,0
data/raw/defactify_eval/images/real_030.jpg,0,real,0,Defactify_Image_Dataset,test,190,0.18987167,0
data/raw/defactify_eval/images/real_031.jpg,0,real,0,Defactify_Image_Dataset,test,193,0.69604254,1
data/raw/defactify_eval/images/real_032.jpg,0,real,0,Defactify_Image_Dataset,test,194,0.81644106,1
data/raw/defactify_eval/images/real_033.jpg,0,real,0,Defactify_Image_Dataset,test,197,0.73452556,1
data/raw/defactify_eval/images/real_034.jpg,0,real,0,Defactify_Image_Dataset,test,202,0.00020705978,0
data/raw/defactify_eval/images/real_035.jpg,0,real,0,Defactify_Image_Dataset,test,203,7.507146e-05,0
data/raw/defactify_eval/images/real_036.jpg,0,real,0,Defactify_Image_Dataset,test,205,0.1254601,0
data/raw/defactify_eval/images/real_037.jpg,0,real,0,Defactify_Image_Dataset,test,214,0.86633307,1
data/raw/defactify_eval/images/real_038.jpg,0,real,0,Defactify_Image_Dataset,test,215,0.44733012,0
data/raw/defactify_eval/images/real_039.jpg,0,real,0,Defactify_Image_Dataset,test,216,0.15895598,0
data/raw/defactify_eval/images/real_040.jpg,0,real,0,Defactify_Image_Dataset,test,217,0.083368346,0
data/raw/defactify_eval/images/real_041.jpg,0,real,0,Defactify_Image_Dataset,test,219,0.180765,0
data/raw/defactify_eval/images/real_042.jpg,0,real,0,Defactify_Image_Dataset,test,224,0.657976,1
data/raw/defactify_eval/images/real_043.jpg,0,real,0,Defactify_Image_Dataset,test,229,0.028933797,0
data/raw/defactify_eval/images/real_044.jpg,0,real,0,Defactify_Image_Dataset,test,246,0.39972037,0
data/raw/defactify_eval/images/real_045.jpg,0,real,0,Defactify_Image_Dataset,test,249,8.023232e-05,0
data/raw/defactify_eval/images/real_046.jpg,0,real,0,Defactify_Image_Dataset,test,250,0.6112784,1
data/raw/defactify_eval/images/real_047.jpg,0,real,0,Defactify_Image_Dataset,test,260,0.7685929,1
data/raw/defactify_eval/images/real_048.jpg,0,real,0,Defactify_Image_Dataset,test,261,0.06937002,0
data/raw/defactify_eval/images/real_049.jpg,0,real,0,Defactify_Image_Dataset,test,267,0.00043143012,0
data/raw/defactify_eval/images/real_050.jpg,0,real,0,Defactify_Image_Dataset,test,273,0.7396903,1
data/raw/defactify_eval/images/real_051.jpg,0,real,0,Defactify_Image_Dataset,test,291,0.30561188,0
data/raw/defactify_eval/images/real_052.jpg,0,real,0,Defactify_Image_Dataset,test,296,0.68688947,1
data/raw/defactify_eval/images/real_053.jpg,0,real,0,Defactify_Image_Dataset,test,304,3.2490792e-05,0
data/raw/defactify_eval/images/real_054.jpg,0,real,0,Defactify_Image_Dataset,test,323,0.047007635,0
data/raw/defactify_eval/images/real_055.jpg,0,real,0,Defactify_Image_Dataset,test,325,0.50997686,1
data/raw/defactify_eval/images/real_056.jpg,0,real,0,Defactify_Image_Dataset,test,333,0.5909041,1
data/raw/defactify_eval/images/real_057.jpg,0,real,0,Defactify_Image_Dataset,test,335,0.7315682,1
data/raw/defactify_eval/images/real_058.jpg,0,real,0,Defactify_Image_Dataset,test,346,0.88212407,1
data/raw/defactify_eval/images/real_059.jpg,0,real,0,Defactify_Image_Dataset,test,351,0.016578557,0
data/raw/defactify_eval/images/real_060.jpg,0,real,0,Defactify_Image_Dataset,test,382,0.7706975,1
data/raw/defactify_eval/images/real_061.jpg,0,real,0,Defactify_Image_Dataset,test,383,0.00075960474,0
data/raw/defactify_eval/images/real_062.jpg,0,real,0,Defactify_Image_Dataset,test,390,0.49218512,0
data/raw/defactify_eval/images/real_063.jpg,0,real,0,Defactify_Image_Dataset,test,391,0.7206013,1
data/raw/defactify_eval/images/real_064.jpg,0,real,0,Defactify_Image_Dataset,test,404,0.00057206216,0
data/raw/defactify_eval/images/real_065.jpg,0,real,0,Defactify_Image_Dataset,test,423,2.1360768e-06,0
data/raw/defactify_eval/images/real_066.jpg,0,real,0,Defactify_Image_Dataset,test,428,0.00044097012,0
data/raw/defactify_eval/images/real_067.jpg,0,real,0,Defactify_Image_Dataset,test,432,0.6389739,1
data/raw/defactify_eval/images/real_068.jpg,0,real,0,Defactify_Image_Dataset,test,439,0.07577572,0
data/raw/defactify_eval/images/real_069.jpg,0,real,0,Defactify_Image_Dataset,test,446,0.028035054,0
data/raw/defactify_eval/images/real_070.jpg,0,real,0,Defactify_Image_Dataset,test,448,0.4297215,0
data/raw/defactify_eval/images/real_071.jpg,0,real,0,Defactify_Image_Dataset,test,458,0.75472474,1
data/raw/defactify_eval/images/real_072.jpg,0,real,0,Defactify_Image_Dataset,test,462,0.7166223,1
data/raw/defactify_eval/images/real_073.jpg,0,real,0,Defactify_Image_Dataset,test,473,0.47481,0
data/raw/defactify_eval/images/real_074.jpg,0,real,0,Defactify_Image_Dataset,test,478,0.640013,1
data/raw/defactify_eval/images/real_075.jpg,0,real,0,Defactify_Image_Dataset,test,479,0.14943278,0
data/raw/defactify_eval/images/real_076.jpg,0,real,0,Defactify_Image_Dataset,test,481,0.17884368,0
data/raw/defactify_eval/images/real_077.jpg,0,real,0,Defactify_Image_Dataset,test,483,0.49775735,0
data/raw/defactify_eval/images/real_078.jpg,0,real,0,Defactify_Image_Dataset,test,485,0.07049968,0
data/raw/defactify_eval/images/real_079.jpg,0,real,0,Defactify_Image_Dataset,test,486,0.13689984,0
data/raw/defactify_eval/images/real_080.jpg,0,real,0,Defactify_Image_Dataset,test,490,0.83045894,1
data/raw/defactify_eval/images/real_081.jpg,0,real,0,Defactify_Image_Dataset,test,493,0.004132606,0
data/raw/defactify_eval/images/real_082.jpg,0,real,0,Defactify_Image_Dataset,test,504,0.0012435509,0
data/raw/defactify_eval/images/real_083.jpg,0,real,0,Defactify_Image_Dataset,test,506,0.0037928626,0
data/raw/defactify_eval/images/real_084.jpg,0,real,0,Defactify_Image_Dataset,test,507,0.034475002,0
data/raw/defactify_eval/images/real_085.jpg,0,real,0,Defactify_Image_Dataset,test,508,0.000862116,0
data/raw/defactify_eval/images/real_086.jpg,0,real,0,Defactify_Image_Dataset,test,517,0.83304393,1
data/raw/defactify_eval/images/real_087.jpg,0,real,0,Defactify_Image_Dataset,test,518,0.35143167,0
data/raw/defactify_eval/images/real_088.jpg,0,real,0,Defactify_Image_Dataset,test,529,0.0359631,0
data/raw/defactify_eval/images/real_089.jpg,0,real,0,Defactify_Image_Dataset,test,537,0.07328365,0
data/raw/defactify_eval/images/real_090.jpg,0,real,0,Defactify_Image_Dataset,test,541,0.4337626,0
data/raw/defactify_eval/images/real_091.jpg,0,real,0,Defactify_Image_Dataset,test,548,0.011363049,0
data/raw/defactify_eval/images/real_092.jpg,0,real,0,Defactify_Image_Dataset,test,550,0.028713893,0
data/raw/defactify_eval/images/real_093.jpg,0,real,0,Defactify_Image_Dataset,test,552,0.016325956,0
data/raw/defactify_eval/images/real_094.jpg,0,real,0,Defactify_Image_Dataset,test,556,0.40738493,0
data/raw/defactify_eval/images/real_095.jpg,0,real,0,Defactify_Image_Dataset,test,563,0.43541202,0
data/raw/defactify_eval/images/real_096.jpg,0,real,0,Defactify_Image_Dataset,test,566,0.0023409785,0
data/raw/defactify_eval/images/real_097.jpg,0,real,0,Defactify_Image_Dataset,test,577,0.7347199,1
data/raw/defactify_eval/images/real_098.jpg,0,real,0,Defactify_Image_Dataset,test,598,0.08481661,0
data/raw/defactify_eval/images/real_099.jpg,0,real,0,Defactify_Image_Dataset,test,605,0.4838753,0
data/raw/defactify_eval/images/real_100.jpg,0,real,0,Defactify_Image_Dataset,test,620,0.0320726,0
data/raw/defactify_eval/images/stable_diffusion_2_1_001.jpg,1,stable_diffusion_2_1,1,Defactify_Image_Dataset,test,2,0.90732175,1
data/raw/defactify_eval/images/stable_diffusion_2_1_002.jpg,1,stable_diffusion_2_1,1,Defactify_Image_Dataset,test,6,0.92301595,1
data/raw/defactify_eval/images/stable_diffusion_2_1_003.jpg,1,stable_diffusion_2_1,1,Defactify_Image_Dataset,test,18,0.9219435,1
data/raw/defactify_eval/images/stable_diffusion_2_1_004.jpg,1,stable_diffusion_2_1,1,Defactify_Image_Dataset,test,21,0.9759473,1
data/raw/defactify_eval/images/stable_diffusion_2_1_005.jpg,1,stable_diffusion_2_1,1,Defactify_Image_Dataset,test,38,0.6111109,1
data/raw/defactify_eval/images/stable_diffusion_2_1_006.jpg,1,stable_diffusion_2_1,1,Defactify_Image_Dataset,test,42,0.7190377,1
data/raw/defactify_eval/images/stable_diffusion_2_1_007.jpg,1,stable_diffusion_2_1,1,Defactify_Image_Dataset,test,47,0.3783614,0
data/raw/defactify_eval/images/stable_diffusion_2_1_008.jpg,1,stable_diffusion_2_1,1,Defactify_Image_Dataset,test,53,0.9344858,1
data/raw/defactify_eval/images/stable_diffusion_2_1_009.jpg,1,stable_diffusion_2_1,1,Defactify_Image_Dataset,test,70,0.35448816,0
data/raw/defactify_eval/images/stable_diffusion_2_1_010.jpg,1,stable_diffusion_2_1,1,Defactify_Image_Dataset,test,71,0.9801047,1
data/raw/defactify_eval/images/stable_diffusion_2_1_011.jpg,1,stable_diffusion_2_1,1,Defactify_Image_Dataset,test,73,0.90874374,1
data/raw/defactify_eval/images/stable_diffusion_2_1_012.jpg,1,stable_diffusion_2_1,1,Defactify_Image_Dataset,test,77,0.92153424,1
data/raw/defactify_eval/images/stable_diffusion_2_1_013.jpg,1,stable_diffusion_2_1,1,Defactify_Image_Dataset,test,84,0.37230754,0
data/raw/defactify_eval/images/stable_diffusion_2_1_014.jpg,1,stable_diffusion_2_1,1,Defactify_Image_Dataset,test,88,0.65417683,1
data/raw/defactify_eval/images/stable_diffusion_2_1_015.jpg,1,stable_diffusion_2_1,1,Defactify_Image_Dataset,test,95,0.8801851,1
data/raw/defactify_eval/images/stable_diffusion_2_1_016.jpg,1,stable_diffusion_2_1,1,Defactify_Image_Dataset,test,102,0.9131667,1
data/raw/defactify_eval/images/stable_diffusion_2_1_017.jpg,1,stable_diffusion_2_1,1,Defactify_Image_Dataset,test,112,0.02401912,0
data/raw/defactify_eval/images/stable_diffusion_2_1_018.jpg,1,stable_diffusion_2_1,1,Defactify_Image_Dataset,test,116,0.07906326,0
data/raw/defactify_eval/images/stable_diffusion_2_1_019.jpg,1,stable_diffusion_2_1,1,Defactify_Image_Dataset,test,124,0.71551555,1
data/raw/defactify_eval/images/stable_diffusion_2_1_020.jpg,1,stable_diffusion_2_1,1,Defactify_Image_Dataset,test,132,0.19698939,0
data/raw/defactify_eval/images/stable_diffusion_2_1_021.jpg,1,stable_diffusion_2_1,1,Defactify_Image_Dataset,test,135,0.7485003,1
data/raw/defactify_eval/images/stable_diffusion_2_1_022.jpg,1,stable_diffusion_2_1,1,Defactify_Image_Dataset,test,150,0.9563373,1
data/raw/defactify_eval/images/stable_diffusion_2_1_023.jpg,1,stable_diffusion_2_1,1,Defactify_Image_Dataset,test,152,0.9942544,1
data/raw/defactify_eval/images/stable_diffusion_2_1_024.jpg,1,stable_diffusion_2_1,1,Defactify_Image_Dataset,test,156,0.8636037,1
data/raw/defactify_eval/images/stable_diffusion_2_1_025.jpg,1,stable_diffusion_2_1,1,Defactify_Image_Dataset,test,162,0.91501194,1
data/raw/defactify_eval/images/stable_diffusion_2_1_026.jpg,1,stable_diffusion_2_1,1,Defactify_Image_Dataset,test,164,0.8028668,1
data/raw/defactify_eval/images/stable_diffusion_2_1_027.jpg,1,stable_diffusion_2_1,1,Defactify_Image_Dataset,test,167,0.9192069,1
data/raw/defactify_eval/images/stable_diffusion_2_1_028.jpg,1,stable_diffusion_2_1,1,Defactify_Image_Dataset,test,168,0.95092976,1
data/raw/defactify_eval/images/stable_diffusion_2_1_029.jpg,1,stable_diffusion_2_1,1,Defactify_Image_Dataset,test,169,0.725058,1
data/raw/defactify_eval/images/stable_diffusion_2_1_030.jpg,1,stable_diffusion_2_1,1,Defactify_Image_Dataset,test,182,0.9347229,1
data/raw/defactify_eval/images/stable_diffusion_2_1_031.jpg,1,stable_diffusion_2_1,1,Defactify_Image_Dataset,test,188,0.7161421,1
data/raw/defactify_eval/images/stable_diffusion_2_1_032.jpg,1,stable_diffusion_2_1,1,Defactify_Image_Dataset,test,212,0.92830193,1
data/raw/defactify_eval/images/stable_diffusion_2_1_033.jpg,1,stable_diffusion_2_1,1,Defactify_Image_Dataset,test,218,0.94215447,1
data/raw/defactify_eval/images/stable_diffusion_2_1_034.jpg,1,stable_diffusion_2_1,1,Defactify_Image_Dataset,test,227,0.9563763,1
data/raw/defactify_eval/images/stable_diffusion_2_1_035.jpg,1,stable_diffusion_2_1,1,Defactify_Image_Dataset,test,230,0.89724547,1
data/raw/defactify_eval/images/stable_diffusion_2_1_036.jpg,1,stable_diffusion_2_1,1,Defactify_Image_Dataset,test,237,0.65689963,1
data/raw/defactify_eval/images/stable_diffusion_2_1_037.jpg,1,stable_diffusion_2_1,1,Defactify_Image_Dataset,test,243,0.898468,1
data/raw/defactify_eval/images/stable_diffusion_2_1_038.jpg,1,stable_diffusion_2_1,1,Defactify_Image_Dataset,test,248,0.04365514,0
data/raw/defactify_eval/images/stable_diffusion_2_1_039.jpg,1,stable_diffusion_2_1,1,Defactify_Image_Dataset,test,259,0.7391994,1
data/raw/defactify_eval/images/stable_diffusion_2_1_040.jpg,1,stable_diffusion_2_1,1,Defactify_Image_Dataset,test,269,0.9061944,1
data/raw/defactify_eval/images/stable_diffusion_2_1_041.jpg,1,stable_diffusion_2_1,1,Defactify_Image_Dataset,test,275,0.7494188,1
data/raw/defactify_eval/images/stable_diffusion_2_1_042.jpg,1,stable_diffusion_2_1,1,Defactify_Image_Dataset,test,279,0.7180896,1
data/raw/defactify_eval/images/stable_diffusion_2_1_043.jpg,1,stable_diffusion_2_1,1,Defactify_Image_Dataset,test,286,0.5370445,1
data/raw/defactify_eval/images/stable_diffusion_2_1_044.jpg,1,stable_diffusion_2_1,1,Defactify_Image_Dataset,test,293,0.89268506,1
data/raw/defactify_eval/images/stable_diffusion_2_1_045.jpg,1,stable_diffusion_2_1,1,Defactify_Image_Dataset,test,294,0.92694545,1
data/raw/defactify_eval/images/stable_diffusion_2_1_046.jpg,1,stable_diffusion_2_1,1,Defactify_Image_Dataset,test,297,0.95820034,1
data/raw/defactify_eval/images/stable_diffusion_2_1_047.jpg,1,stable_diffusion_2_1,1,Defactify_Image_Dataset,test,305,0.81539834,1
data/raw/defactify_eval/images/stable_diffusion_2_1_048.jpg,1,stable_diffusion_2_1,1,Defactify_Image_Dataset,test,308,0.7836431,1
data/raw/defactify_eval/images/stable_diffusion_2_1_049.jpg,1,stable_diffusion_2_1,1,Defactify_Image_Dataset,test,311,0.9096378,1
data/raw/defactify_eval/images/stable_diffusion_2_1_050.jpg,1,stable_diffusion_2_1,1,Defactify_Image_Dataset,test,319,0.94765395,1
data/raw/defactify_eval/images/stable_diffusion_2_1_051.jpg,1,stable_diffusion_2_1,1,Defactify_Image_Dataset,test,322,0.53227377,1
data/raw/defactify_eval/images/stable_diffusion_2_1_052.jpg,1,stable_diffusion_2_1,1,Defactify_Image_Dataset,test,324,0.9868391,1
data/raw/defactify_eval/images/stable_diffusion_2_1_053.jpg,1,stable_diffusion_2_1,1,Defactify_Image_Dataset,test,330,0.74126667,1
data/raw/defactify_eval/images/stable_diffusion_2_1_054.jpg,1,stable_diffusion_2_1,1,Defactify_Image_Dataset,test,332,0.9803847,1
data/raw/defactify_eval/images/stable_diffusion_2_1_055.jpg,1,stable_diffusion_2_1,1,Defactify_Image_Dataset,test,334,0.8871602,1
data/raw/defactify_eval/images/stable_diffusion_2_1_056.jpg,1,stable_diffusion_2_1,1,Defactify_Image_Dataset,test,337,0.5653473,1
data/raw/defactify_eval/images/stable_diffusion_2_1_057.jpg,1,stable_diffusion_2_1,1,Defactify_Image_Dataset,test,350,0.03267696,0
data/raw/defactify_eval/images/stable_diffusion_2_1_058.jpg,1,stable_diffusion_2_1,1,Defactify_Image_Dataset,test,365,0.9973123,1
data/raw/defactify_eval/images/stable_diffusion_2_1_059.jpg,1,stable_diffusion_2_1,1,Defactify_Image_Dataset,test,367,0.9241377,1
data/raw/defactify_eval/images/stable_diffusion_2_1_060.jpg,1,stable_diffusion_2_1,1,Defactify_Image_Dataset,test,369,0.9458875,1
data/raw/defactify_eval/images/stable_diffusion_2_1_061.jpg,1,stable_diffusion_2_1,1,Defactify_Image_Dataset,test,375,0.9961324,1
data/raw/defactify_eval/images/stable_diffusion_2_1_062.jpg,1,stable_diffusion_2_1,1,Defactify_Image_Dataset,test,376,0.64951324,1
data/raw/defactify_eval/images/stable_diffusion_2_1_063.jpg,1,stable_diffusion_2_1,1,Defactify_Image_Dataset,test,378,0.9583753,1
data/raw/defactify_eval/images/stable_diffusion_2_1_064.jpg,1,stable_diffusion_2_1,1,Defactify_Image_Dataset,test,388,0.939199,1
data/raw/defactify_eval/images/stable_diffusion_2_1_065.jpg,1,stable_diffusion_2_1,1,Defactify_Image_Dataset,test,393,0.87602127,1
data/raw/defactify_eval/images/stable_diffusion_2_1_066.jpg,1,stable_diffusion_2_1,1,Defactify_Image_Dataset,test,396,0.9781302,1
data/raw/defactify_eval/images/stable_diffusion_2_1_067.jpg,1,stable_diffusion_2_1,1,Defactify_Image_Dataset,test,399,0.880587,1
data/raw/defactify_eval/images/stable_diffusion_2_1_068.jpg,1,stable_diffusion_2_1,1,Defactify_Image_Dataset,test,400,0.73124635,1
data/raw/defactify_eval/images/stable_diffusion_2_1_069.jpg,1,stable_diffusion_2_1,1,Defactify_Image_Dataset,test,402,0.0010525781,0
data/raw/defactify_eval/images/stable_diffusion_2_1_070.jpg,1,stable_diffusion_2_1,1,Defactify_Image_Dataset,test,403,0.46626392,0
data/raw/defactify_eval/images/stable_diffusion_2_1_071.jpg,1,stable_diffusion_2_1,1,Defactify_Image_Dataset,test,411,0.8984588,1
data/raw/defactify_eval/images/stable_diffusion_2_1_072.jpg,1,stable_diffusion_2_1,1,Defactify_Image_Dataset,test,421,0.5665235,1
data/raw/defactify_eval/images/stable_diffusion_2_1_073.jpg,1,stable_diffusion_2_1,1,Defactify_Image_Dataset,test,427,0.96642447,1
data/raw/defactify_eval/images/stable_diffusion_2_1_074.jpg,1,stable_diffusion_2_1,1,Defactify_Image_Dataset,test,433,0.085739024,0
data/raw/defactify_eval/images/stable_diffusion_2_1_075.jpg,1,stable_diffusion_2_1,1,Defactify_Image_Dataset,test,436,0.6387673,1
data/raw/defactify_eval/images/stable_diffusion_2_1_076.jpg,1,stable_diffusion_2_1,1,Defactify_Image_Dataset,test,452,0.34109038,0
data/raw/defactify_eval/images/stable_diffusion_2_1_077.jpg,1,stable_diffusion_2_1,1,Defactify_Image_Dataset,test,455,0.9981664,1
data/raw/defactify_eval/images/stable_diffusion_2_1_078.jpg,1,stable_diffusion_2_1,1,Defactify_Image_Dataset,test,465,0.034389738,0
data/raw/defactify_eval/images/stable_diffusion_2_1_079.jpg,1,stable_diffusion_2_1,1,Defactify_Image_Dataset,test,466,0.7928798,1
data/raw/defactify_eval/images/stable_diffusion_2_1_080.jpg,1,stable_diffusion_2_1,1,Defactify_Image_Dataset,test,467,0.9309685,1
data/raw/defactify_eval/images/stable_diffusion_2_1_081.jpg,1,stable_diffusion_2_1,1,Defactify_Image_Dataset,test,470,0.9960658,1
data/raw/defactify_eval/images/stable_diffusion_2_1_082.jpg,1,stable_diffusion_2_1,1,Defactify_Image_Dataset,test,477,0.73654085,1
data/raw/defactify_eval/images/stable_diffusion_2_1_083.jpg,1,stable_diffusion_2_1,1,Defactify_Image_Dataset,test,492,0.50807273,1
data/raw/defactify_eval/images/stable_diffusion_2_1_084.jpg,1,stable_diffusion_2_1,1,Defactify_Image_Dataset,test,494,0.42838907,0
data/raw/defactify_eval/images/stable_diffusion_2_1_085.jpg,1,stable_diffusion_2_1,1,Defactify_Image_Dataset,test,498,0.9643827,1
data/raw/defactify_eval/images/stable_diffusion_2_1_086.jpg,1,stable_diffusion_2_1,1,Defactify_Image_Dataset,test,501,0.89666706,1
data/raw/defactify_eval/images/stable_diffusion_2_1_087.jpg,1,stable_diffusion_2_1,1,Defactify_Image_Dataset,test,505,0.45140213,0
data/raw/defactify_eval/images/stable_diffusion_2_1_088.jpg,1,stable_diffusion_2_1,1,Defactify_Image_Dataset,test,510,0.7107846,1
data/raw/defactify_eval/images/stable_diffusion_2_1_089.jpg,1,stable_diffusion_2_1,1,Defactify_Image_Dataset,test,511,0.007709723,0
data/raw/defactify_eval/images/stable_diffusion_2_1_090.jpg,1,stable_diffusion_2_1,1,Defactify_Image_Dataset,test,515,0.87948555,1
data/raw/defactify_eval/images/stable_diffusion_2_1_091.jpg,1,stable_diffusion_2_1,1,Defactify_Image_Dataset,test,523,0.8505114,1
data/raw/defactify_eval/images/stable_diffusion_2_1_092.jpg,1,stable_diffusion_2_1,1,Defactify_Image_Dataset,test,525,0.91485643,1
data/raw/defactify_eval/images/stable_diffusion_2_1_093.jpg,1,stable_diffusion_2_1,1,Defactify_Image_Dataset,test,528,0.66362464,1
data/raw/defactify_eval/images/stable_diffusion_2_1_094.jpg,1,stable_diffusion_2_1,1,Defactify_Image_Dataset,test,534,0.96061754,1
data/raw/defactify_eval/images/stable_diffusion_2_1_095.jpg,1,stable_diffusion_2_1,1,Defactify_Image_Dataset,test,536,0.9365074,1
data/raw/defactify_eval/images/stable_diffusion_2_1_096.jpg,1,stable_diffusion_2_1,1,Defactify_Image_Dataset,test,543,0.22192785,0
data/raw/defactify_eval/images/stable_diffusion_2_1_097.jpg,1,stable_diffusion_2_1,1,Defactify_Image_Dataset,test,558,0.9799114,1
data/raw/defactify_eval/images/stable_diffusion_2_1_098.jpg,1,stable_diffusion_2_1,1,Defactify_Image_Dataset,test,559,0.7505335,1
data/raw/defactify_eval/images/stable_diffusion_2_1_099.jpg,1,stable_diffusion_2_1,1,Defactify_Image_Dataset,test,567,0.8305111,1
data/raw/defactify_eval/images/stable_diffusion_2_1_100.jpg,1,stable_diffusion_2_1,1,Defactify_Image_Dataset,test,578,0.072602585,0
data/raw/defactify_eval/images/sdxl_001.jpg,1,sdxl,2,Defactify_Image_Dataset,test,5,0.81898147,1
data/raw/defactify_eval/images/sdxl_002.jpg,1,sdxl,2,Defactify_Image_Dataset,test,10,0.9999919,1
data/raw/defactify_eval/images/sdxl_003.jpg,1,sdxl,2,Defactify_Image_Dataset,test,19,0.7617646,1
data/raw/defactify_eval/images/sdxl_004.jpg,1,sdxl,2,Defactify_Image_Dataset,test,20,0.9349752,1
data/raw/defactify_eval/images/sdxl_005.jpg,1,sdxl,2,Defactify_Image_Dataset,test,29,0.94644797,1
data/raw/defactify_eval/images/sdxl_006.jpg,1,sdxl,2,Defactify_Image_Dataset,test,36,0.7165336,1
data/raw/defactify_eval/images/sdxl_007.jpg,1,sdxl,2,Defactify_Image_Dataset,test,51,0.8421312,1
data/raw/defactify_eval/images/sdxl_008.jpg,1,sdxl,2,Defactify_Image_Dataset,test,56,0.9190184,1
data/raw/defactify_eval/images/sdxl_009.jpg,1,sdxl,2,Defactify_Image_Dataset,test,60,0.93561167,1
data/raw/defactify_eval/images/sdxl_010.jpg,1,sdxl,2,Defactify_Image_Dataset,test,62,0.93981874,1
data/raw/defactify_eval/images/sdxl_011.jpg,1,sdxl,2,Defactify_Image_Dataset,test,69,0.48644763,0
data/raw/defactify_eval/images/sdxl_012.jpg,1,sdxl,2,Defactify_Image_Dataset,test,72,0.95054144,1
data/raw/defactify_eval/images/sdxl_013.jpg,1,sdxl,2,Defactify_Image_Dataset,test,75,0.7640442,1
data/raw/defactify_eval/images/sdxl_014.jpg,1,sdxl,2,Defactify_Image_Dataset,test,80,0.9468004,1
data/raw/defactify_eval/images/sdxl_015.jpg,1,sdxl,2,Defactify_Image_Dataset,test,81,0.96009696,1
data/raw/defactify_eval/images/sdxl_016.jpg,1,sdxl,2,Defactify_Image_Dataset,test,89,0.79408807,1
data/raw/defactify_eval/images/sdxl_017.jpg,1,sdxl,2,Defactify_Image_Dataset,test,94,0.49882627,0
data/raw/defactify_eval/images/sdxl_018.jpg,1,sdxl,2,Defactify_Image_Dataset,test,97,0.8527755,1
data/raw/defactify_eval/images/sdxl_019.jpg,1,sdxl,2,Defactify_Image_Dataset,test,98,0.03248936,0
data/raw/defactify_eval/images/sdxl_020.jpg,1,sdxl,2,Defactify_Image_Dataset,test,99,0.6978917,1
data/raw/defactify_eval/images/sdxl_021.jpg,1,sdxl,2,Defactify_Image_Dataset,test,104,0.8382232,1
data/raw/defactify_eval/images/sdxl_022.jpg,1,sdxl,2,Defactify_Image_Dataset,test,105,0.7516924,1
data/raw/defactify_eval/images/sdxl_023.jpg,1,sdxl,2,Defactify_Image_Dataset,test,106,0.8325126,1
data/raw/defactify_eval/images/sdxl_024.jpg,1,sdxl,2,Defactify_Image_Dataset,test,114,0.88002014,1
data/raw/defactify_eval/images/sdxl_025.jpg,1,sdxl,2,Defactify_Image_Dataset,test,115,0.9535789,1
data/raw/defactify_eval/images/sdxl_026.jpg,1,sdxl,2,Defactify_Image_Dataset,test,119,0.7465162,1
data/raw/defactify_eval/images/sdxl_027.jpg,1,sdxl,2,Defactify_Image_Dataset,test,121,0.078903005,0
data/raw/defactify_eval/images/sdxl_028.jpg,1,sdxl,2,Defactify_Image_Dataset,test,123,0.9761619,1
data/raw/defactify_eval/images/sdxl_029.jpg,1,sdxl,2,Defactify_Image_Dataset,test,126,0.82635605,1
data/raw/defactify_eval/images/sdxl_030.jpg,1,sdxl,2,Defactify_Image_Dataset,test,129,0.86938184,1
data/raw/defactify_eval/images/sdxl_031.jpg,1,sdxl,2,Defactify_Image_Dataset,test,134,0.9671391,1
data/raw/defactify_eval/images/sdxl_032.jpg,1,sdxl,2,Defactify_Image_Dataset,test,136,0.83063436,1
data/raw/defactify_eval/images/sdxl_033.jpg,1,sdxl,2,Defactify_Image_Dataset,test,143,0.78206474,1
data/raw/defactify_eval/images/sdxl_034.jpg,1,sdxl,2,Defactify_Image_Dataset,test,145,0.72258735,1
data/raw/defactify_eval/images/sdxl_035.jpg,1,sdxl,2,Defactify_Image_Dataset,test,146,0.8684989,1
data/raw/defactify_eval/images/sdxl_036.jpg,1,sdxl,2,Defactify_Image_Dataset,test,155,0.013629423,0
data/raw/defactify_eval/images/sdxl_037.jpg,1,sdxl,2,Defactify_Image_Dataset,test,180,0.8695625,1
data/raw/defactify_eval/images/sdxl_038.jpg,1,sdxl,2,Defactify_Image_Dataset,test,185,0.92733395,1
data/raw/defactify_eval/images/sdxl_039.jpg,1,sdxl,2,Defactify_Image_Dataset,test,201,0.8225957,1
data/raw/defactify_eval/images/sdxl_040.jpg,1,sdxl,2,Defactify_Image_Dataset,test,221,0.93020207,1
data/raw/defactify_eval/images/sdxl_041.jpg,1,sdxl,2,Defactify_Image_Dataset,test,226,0.77130157,1
data/raw/defactify_eval/images/sdxl_042.jpg,1,sdxl,2,Defactify_Image_Dataset,test,238,0.7726533,1
data/raw/defactify_eval/images/sdxl_043.jpg,1,sdxl,2,Defactify_Image_Dataset,test,239,0.73489505,1
data/raw/defactify_eval/images/sdxl_044.jpg,1,sdxl,2,Defactify_Image_Dataset,test,244,0.68678975,1
data/raw/defactify_eval/images/sdxl_045.jpg,1,sdxl,2,Defactify_Image_Dataset,test,245,0.9962752,1
data/raw/defactify_eval/images/sdxl_046.jpg,1,sdxl,2,Defactify_Image_Dataset,test,247,0.007089155,0
data/raw/defactify_eval/images/sdxl_047.jpg,1,sdxl,2,Defactify_Image_Dataset,test,256,0.08060684,0
data/raw/defactify_eval/images/sdxl_048.jpg,1,sdxl,2,Defactify_Image_Dataset,test,257,0.64735043,1
data/raw/defactify_eval/images/sdxl_049.jpg,1,sdxl,2,Defactify_Image_Dataset,test,265,0.5168742,1
data/raw/defactify_eval/images/sdxl_050.jpg,1,sdxl,2,Defactify_Image_Dataset,test,272,0.9158967,1
data/raw/defactify_eval/images/sdxl_051.jpg,1,sdxl,2,Defactify_Image_Dataset,test,274,0.97088593,1
data/raw/defactify_eval/images/sdxl_052.jpg,1,sdxl,2,Defactify_Image_Dataset,test,281,0.9276174,1
data/raw/defactify_eval/images/sdxl_053.jpg,1,sdxl,2,Defactify_Image_Dataset,test,285,0.9596847,1
data/raw/defactify_eval/images/sdxl_054.jpg,1,sdxl,2,Defactify_Image_Dataset,test,287,0.09054304,0
data/raw/defactify_eval/images/sdxl_055.jpg,1,sdxl,2,Defactify_Image_Dataset,test,289,0.98612,1
data/raw/defactify_eval/images/sdxl_056.jpg,1,sdxl,2,Defactify_Image_Dataset,test,299,0.3210006,0
data/raw/defactify_eval/images/sdxl_057.jpg,1,sdxl,2,Defactify_Image_Dataset,test,301,0.9838129,1
data/raw/defactify_eval/images/sdxl_058.jpg,1,sdxl,2,Defactify_Image_Dataset,test,309,0.6419267,1
data/raw/defactify_eval/images/sdxl_059.jpg,1,sdxl,2,Defactify_Image_Dataset,test,310,0.9809646,1
data/raw/defactify_eval/images/sdxl_060.jpg,1,sdxl,2,Defactify_Image_Dataset,test,312,0.7259806,1
data/raw/defactify_eval/images/sdxl_061.jpg,1,sdxl,2,Defactify_Image_Dataset,test,327,0.87011987,1
data/raw/defactify_eval/images/sdxl_062.jpg,1,sdxl,2,Defactify_Image_Dataset,test,348,0.9482026,1
data/raw/defactify_eval/images/sdxl_063.jpg,1,sdxl,2,Defactify_Image_Dataset,test,352,0.85167474,1
data/raw/defactify_eval/images/sdxl_064.jpg,1,sdxl,2,Defactify_Image_Dataset,test,356,0.9015387,1
data/raw/defactify_eval/images/sdxl_065.jpg,1,sdxl,2,Defactify_Image_Dataset,test,359,0.4926318,0
data/raw/defactify_eval/images/sdxl_066.jpg,1,sdxl,2,Defactify_Image_Dataset,test,379,0.9072568,1
data/raw/defactify_eval/images/sdxl_067.jpg,1,sdxl,2,Defactify_Image_Dataset,test,389,0.5991899,1
data/raw/defactify_eval/images/sdxl_068.jpg,1,sdxl,2,Defactify_Image_Dataset,test,395,0.92100847,1
data/raw/defactify_eval/images/sdxl_069.jpg,1,sdxl,2,Defactify_Image_Dataset,test,398,0.8612749,1
data/raw/defactify_eval/images/sdxl_070.jpg,1,sdxl,2,Defactify_Image_Dataset,test,408,0.95383763,1
data/raw/defactify_eval/images/sdxl_071.jpg,1,sdxl,2,Defactify_Image_Dataset,test,412,0.9704911,1
data/raw/defactify_eval/images/sdxl_072.jpg,1,sdxl,2,Defactify_Image_Dataset,test,413,0.6919556,1
data/raw/defactify_eval/images/sdxl_073.jpg,1,sdxl,2,Defactify_Image_Dataset,test,424,0.9614162,1
data/raw/defactify_eval/images/sdxl_074.jpg,1,sdxl,2,Defactify_Image_Dataset,test,425,0.7712153,1
data/raw/defactify_eval/images/sdxl_075.jpg,1,sdxl,2,Defactify_Image_Dataset,test,426,0.9895181,1
data/raw/defactify_eval/images/sdxl_076.jpg,1,sdxl,2,Defactify_Image_Dataset,test,429,0.97483736,1
data/raw/defactify_eval/images/sdxl_077.jpg,1,sdxl,2,Defactify_Image_Dataset,test,444,0.38374472,0
data/raw/defactify_eval/images/sdxl_078.jpg,1,sdxl,2,Defactify_Image_Dataset,test,449,0.33111745,0
data/raw/defactify_eval/images/sdxl_079.jpg,1,sdxl,2,Defactify_Image_Dataset,test,459,0.41776094,0
data/raw/defactify_eval/images/sdxl_080.jpg,1,sdxl,2,Defactify_Image_Dataset,test,471,0.78543735,1
data/raw/defactify_eval/images/sdxl_081.jpg,1,sdxl,2,Defactify_Image_Dataset,test,472,0.96225226,1
data/raw/defactify_eval/images/sdxl_082.jpg,1,sdxl,2,Defactify_Image_Dataset,test,474,0.9261688,1
data/raw/defactify_eval/images/sdxl_083.jpg,1,sdxl,2,Defactify_Image_Dataset,test,475,0.2968601,0
data/raw/defactify_eval/images/sdxl_084.jpg,1,sdxl,2,Defactify_Image_Dataset,test,476,0.99894327,1
data/raw/defactify_eval/images/sdxl_085.jpg,1,sdxl,2,Defactify_Image_Dataset,test,480,0.97112197,1
data/raw/defactify_eval/images/sdxl_086.jpg,1,sdxl,2,Defactify_Image_Dataset,test,488,0.97681254,1
data/raw/defactify_eval/images/sdxl_087.jpg,1,sdxl,2,Defactify_Image_Dataset,test,500,0.5146153,1
data/raw/defactify_eval/images/sdxl_088.jpg,1,sdxl,2,Defactify_Image_Dataset,test,509,0.81757617,1
data/raw/defactify_eval/images/sdxl_089.jpg,1,sdxl,2,Defactify_Image_Dataset,test,545,0.9361083,1
data/raw/defactify_eval/images/sdxl_090.jpg,1,sdxl,2,Defactify_Image_Dataset,test,549,0.96594584,1
data/raw/defactify_eval/images/sdxl_091.jpg,1,sdxl,2,Defactify_Image_Dataset,test,551,0.9866024,1
data/raw/defactify_eval/images/sdxl_092.jpg,1,sdxl,2,Defactify_Image_Dataset,test,555,0.6663004,1
data/raw/defactify_eval/images/sdxl_093.jpg,1,sdxl,2,Defactify_Image_Dataset,test,568,0.9999993,1
data/raw/defactify_eval/images/sdxl_094.jpg,1,sdxl,2,Defactify_Image_Dataset,test,571,0.5303264,1
data/raw/defactify_eval/images/sdxl_095.jpg,1,sdxl,2,Defactify_Image_Dataset,test,574,0.89863294,1
data/raw/defactify_eval/images/sdxl_096.jpg,1,sdxl,2,Defactify_Image_Dataset,test,584,0.001043607,0
data/raw/defactify_eval/images/sdxl_097.jpg,1,sdxl,2,Defactify_Image_Dataset,test,595,0.99660754,1
data/raw/defactify_eval/images/sdxl_098.jpg,1,sdxl,2,Defactify_Image_Dataset,test,608,0.40325633,0
data/raw/defactify_eval/images/sdxl_099.jpg,1,sdxl,2,Defactify_Image_Dataset,test,615,0.6646727,1
data/raw/defactify_eval/images/sdxl_100.jpg,1,sdxl,2,Defactify_Image_Dataset,test,616,0.49750656,0
data/raw/defactify_eval/images/stable_diffusion_3_001.jpg,1,stable_diffusion_3,3,Defactify_Image_Dataset,test,7,0.96499467,1
data/raw/defactify_eval/images/stable_diffusion_3_002.jpg,1,stable_diffusion_3,3,Defactify_Image_Dataset,test,8,0.7325481,1
data/raw/defactify_eval/images/stable_diffusion_3_003.jpg,1,stable_diffusion_3,3,Defactify_Image_Dataset,test,11,0.79891,1
data/raw/defactify_eval/images/stable_diffusion_3_004.jpg,1,stable_diffusion_3,3,Defactify_Image_Dataset,test,14,0.8765559,1
data/raw/defactify_eval/images/stable_diffusion_3_005.jpg,1,stable_diffusion_3,3,Defactify_Image_Dataset,test,24,0.8598643,1
data/raw/defactify_eval/images/stable_diffusion_3_006.jpg,1,stable_diffusion_3,3,Defactify_Image_Dataset,test,25,0.8757066,1
data/raw/defactify_eval/images/stable_diffusion_3_007.jpg,1,stable_diffusion_3,3,Defactify_Image_Dataset,test,27,0.97509325,1
data/raw/defactify_eval/images/stable_diffusion_3_008.jpg,1,stable_diffusion_3,3,Defactify_Image_Dataset,test,32,0.07238167,0
data/raw/defactify_eval/images/stable_diffusion_3_009.jpg,1,stable_diffusion_3,3,Defactify_Image_Dataset,test,34,0.8874516,1
data/raw/defactify_eval/images/stable_diffusion_3_010.jpg,1,stable_diffusion_3,3,Defactify_Image_Dataset,test,40,0.09774177,0
data/raw/defactify_eval/images/stable_diffusion_3_011.jpg,1,stable_diffusion_3,3,Defactify_Image_Dataset,test,45,0.804493,1
data/raw/defactify_eval/images/stable_diffusion_3_012.jpg,1,stable_diffusion_3,3,Defactify_Image_Dataset,test,61,0.8297646,1
data/raw/defactify_eval/images/stable_diffusion_3_013.jpg,1,stable_diffusion_3,3,Defactify_Image_Dataset,test,64,0.6588428,1
data/raw/defactify_eval/images/stable_diffusion_3_014.jpg,1,stable_diffusion_3,3,Defactify_Image_Dataset,test,82,0.7893339,1
data/raw/defactify_eval/images/stable_diffusion_3_015.jpg,1,stable_diffusion_3,3,Defactify_Image_Dataset,test,83,0.9514163,1
data/raw/defactify_eval/images/stable_diffusion_3_016.jpg,1,stable_diffusion_3,3,Defactify_Image_Dataset,test,85,0.95614344,1
data/raw/defactify_eval/images/stable_diffusion_3_017.jpg,1,stable_diffusion_3,3,Defactify_Image_Dataset,test,96,0.88676244,1
data/raw/defactify_eval/images/stable_diffusion_3_018.jpg,1,stable_diffusion_3,3,Defactify_Image_Dataset,test,100,0.86436343,1
data/raw/defactify_eval/images/stable_diffusion_3_019.jpg,1,stable_diffusion_3,3,Defactify_Image_Dataset,test,103,0.7738044,1
data/raw/defactify_eval/images/stable_diffusion_3_020.jpg,1,stable_diffusion_3,3,Defactify_Image_Dataset,test,109,0.060068484,0
data/raw/defactify_eval/images/stable_diffusion_3_021.jpg,1,stable_diffusion_3,3,Defactify_Image_Dataset,test,117,0.23457325,0
data/raw/defactify_eval/images/stable_diffusion_3_022.jpg,1,stable_diffusion_3,3,Defactify_Image_Dataset,test,128,0.5302619,1
data/raw/defactify_eval/images/stable_diffusion_3_023.jpg,1,stable_diffusion_3,3,Defactify_Image_Dataset,test,144,0.94631827,1
data/raw/defactify_eval/images/stable_diffusion_3_024.jpg,1,stable_diffusion_3,3,Defactify_Image_Dataset,test,147,0.031179534,0
data/raw/defactify_eval/images/stable_diffusion_3_025.jpg,1,stable_diffusion_3,3,Defactify_Image_Dataset,test,151,0.2567835,0
data/raw/defactify_eval/images/stable_diffusion_3_026.jpg,1,stable_diffusion_3,3,Defactify_Image_Dataset,test,154,0.77463883,1
data/raw/defactify_eval/images/stable_diffusion_3_027.jpg,1,stable_diffusion_3,3,Defactify_Image_Dataset,test,157,0.32910055,0
data/raw/defactify_eval/images/stable_diffusion_3_028.jpg,1,stable_diffusion_3,3,Defactify_Image_Dataset,test,158,0.78048986,1
data/raw/defactify_eval/images/stable_diffusion_3_029.jpg,1,stable_diffusion_3,3,Defactify_Image_Dataset,test,179,0.8352931,1
data/raw/defactify_eval/images/stable_diffusion_3_030.jpg,1,stable_diffusion_3,3,Defactify_Image_Dataset,test,181,0.9513539,1
data/raw/defactify_eval/images/stable_diffusion_3_031.jpg,1,stable_diffusion_3,3,Defactify_Image_Dataset,test,187,0.8750087,1
data/raw/defactify_eval/images/stable_diffusion_3_032.jpg,1,stable_diffusion_3,3,Defactify_Image_Dataset,test,199,0.8169895,1
data/raw/defactify_eval/images/stable_diffusion_3_033.jpg,1,stable_diffusion_3,3,Defactify_Image_Dataset,test,200,0.8551957,1
data/raw/defactify_eval/images/stable_diffusion_3_034.jpg,1,stable_diffusion_3,3,Defactify_Image_Dataset,test,207,0.15409519,0
data/raw/defactify_eval/images/stable_diffusion_3_035.jpg,1,stable_diffusion_3,3,Defactify_Image_Dataset,test,208,0.9889966,1
data/raw/defactify_eval/images/stable_diffusion_3_036.jpg,1,stable_diffusion_3,3,Defactify_Image_Dataset,test,209,0.863521,1
data/raw/defactify_eval/images/stable_diffusion_3_037.jpg,1,stable_diffusion_3,3,Defactify_Image_Dataset,test,222,0.89332724,1
data/raw/defactify_eval/images/stable_diffusion_3_038.jpg,1,stable_diffusion_3,3,Defactify_Image_Dataset,test,223,0.9363358,1
data/raw/defactify_eval/images/stable_diffusion_3_039.jpg,1,stable_diffusion_3,3,Defactify_Image_Dataset,test,231,0.92425007,1
data/raw/defactify_eval/images/stable_diffusion_3_040.jpg,1,stable_diffusion_3,3,Defactify_Image_Dataset,test,232,0.29925302,0
data/raw/defactify_eval/images/stable_diffusion_3_041.jpg,1,stable_diffusion_3,3,Defactify_Image_Dataset,test,233,0.26030853,0
data/raw/defactify_eval/images/stable_diffusion_3_042.jpg,1,stable_diffusion_3,3,Defactify_Image_Dataset,test,254,0.9841398,1
data/raw/defactify_eval/images/stable_diffusion_3_043.jpg,1,stable_diffusion_3,3,Defactify_Image_Dataset,test,255,0.9301406,1
data/raw/defactify_eval/images/stable_diffusion_3_044.jpg,1,stable_diffusion_3,3,Defactify_Image_Dataset,test,263,0.9315849,1
data/raw/defactify_eval/images/stable_diffusion_3_045.jpg,1,stable_diffusion_3,3,Defactify_Image_Dataset,test,268,0.1790189,0
data/raw/defactify_eval/images/stable_diffusion_3_046.jpg,1,stable_diffusion_3,3,Defactify_Image_Dataset,test,271,0.9081906,1
data/raw/defactify_eval/images/stable_diffusion_3_047.jpg,1,stable_diffusion_3,3,Defactify_Image_Dataset,test,278,0.88910824,1
data/raw/defactify_eval/images/stable_diffusion_3_048.jpg,1,stable_diffusion_3,3,Defactify_Image_Dataset,test,280,0.8577849,1
data/raw/defactify_eval/images/stable_diffusion_3_049.jpg,1,stable_diffusion_3,3,Defactify_Image_Dataset,test,288,0.44031715,0
data/raw/defactify_eval/images/stable_diffusion_3_050.jpg,1,stable_diffusion_3,3,Defactify_Image_Dataset,test,295,0.89816976,1
data/raw/defactify_eval/images/stable_diffusion_3_051.jpg,1,stable_diffusion_3,3,Defactify_Image_Dataset,test,302,0.86864793,1
data/raw/defactify_eval/images/stable_diffusion_3_052.jpg,1,stable_diffusion_3,3,Defactify_Image_Dataset,test,303,0.97374344,1
data/raw/defactify_eval/images/stable_diffusion_3_053.jpg,1,stable_diffusion_3,3,Defactify_Image_Dataset,test,307,0.703014,1
data/raw/defactify_eval/images/stable_diffusion_3_054.jpg,1,stable_diffusion_3,3,Defactify_Image_Dataset,test,321,0.86475843,1
data/raw/defactify_eval/images/stable_diffusion_3_055.jpg,1,stable_diffusion_3,3,Defactify_Image_Dataset,test,331,0.3209021,0
data/raw/defactify_eval/images/stable_diffusion_3_056.jpg,1,stable_diffusion_3,3,Defactify_Image_Dataset,test,336,0.9728262,1
data/raw/defactify_eval/images/stable_diffusion_3_057.jpg,1,stable_diffusion_3,3,Defactify_Image_Dataset,test,338,0.9567738,1
data/raw/defactify_eval/images/stable_diffusion_3_058.jpg,1,stable_diffusion_3,3,Defactify_Image_Dataset,test,340,0.9615321,1
data/raw/defactify_eval/images/stable_diffusion_3_059.jpg,1,stable_diffusion_3,3,Defactify_Image_Dataset,test,342,0.39404342,0
data/raw/defactify_eval/images/stable_diffusion_3_060.jpg,1,stable_diffusion_3,3,Defactify_Image_Dataset,test,343,0.017554335,0
data/raw/defactify_eval/images/stable_diffusion_3_061.jpg,1,stable_diffusion_3,3,Defactify_Image_Dataset,test,347,0.44099343,0
data/raw/defactify_eval/images/stable_diffusion_3_062.jpg,1,stable_diffusion_3,3,Defactify_Image_Dataset,test,357,0.58940756,1
data/raw/defactify_eval/images/stable_diffusion_3_063.jpg,1,stable_diffusion_3,3,Defactify_Image_Dataset,test,360,0.45544153,0
data/raw/defactify_eval/images/stable_diffusion_3_064.jpg,1,stable_diffusion_3,3,Defactify_Image_Dataset,test,364,0.7576807,1
data/raw/defactify_eval/images/stable_diffusion_3_065.jpg,1,stable_diffusion_3,3,Defactify_Image_Dataset,test,368,0.17227806,0
data/raw/defactify_eval/images/stable_diffusion_3_066.jpg,1,stable_diffusion_3,3,Defactify_Image_Dataset,test,370,0.84879035,1
data/raw/defactify_eval/images/stable_diffusion_3_067.jpg,1,stable_diffusion_3,3,Defactify_Image_Dataset,test,371,0.80716324,1
data/raw/defactify_eval/images/stable_diffusion_3_068.jpg,1,stable_diffusion_3,3,Defactify_Image_Dataset,test,377,0.7478075,1
data/raw/defactify_eval/images/stable_diffusion_3_069.jpg,1,stable_diffusion_3,3,Defactify_Image_Dataset,test,384,0.8540668,1
data/raw/defactify_eval/images/stable_diffusion_3_070.jpg,1,stable_diffusion_3,3,Defactify_Image_Dataset,test,385,0.94582593,1
data/raw/defactify_eval/images/stable_diffusion_3_071.jpg,1,stable_diffusion_3,3,Defactify_Image_Dataset,test,392,0.754724,1
data/raw/defactify_eval/images/stable_diffusion_3_072.jpg,1,stable_diffusion_3,3,Defactify_Image_Dataset,test,397,0.7541004,1
data/raw/defactify_eval/images/stable_diffusion_3_073.jpg,1,stable_diffusion_3,3,Defactify_Image_Dataset,test,401,0.049308985,0
data/raw/defactify_eval/images/stable_diffusion_3_074.jpg,1,stable_diffusion_3,3,Defactify_Image_Dataset,test,405,0.9197363,1
data/raw/defactify_eval/images/stable_diffusion_3_075.jpg,1,stable_diffusion_3,3,Defactify_Image_Dataset,test,416,0.96502376,1
data/raw/defactify_eval/images/stable_diffusion_3_076.jpg,1,stable_diffusion_3,3,Defactify_Image_Dataset,test,420,0.44932854,0
data/raw/defactify_eval/images/stable_diffusion_3_077.jpg,1,stable_diffusion_3,3,Defactify_Image_Dataset,test,438,0.6711506,1
data/raw/defactify_eval/images/stable_diffusion_3_078.jpg,1,stable_diffusion_3,3,Defactify_Image_Dataset,test,440,0.8054156,1
data/raw/defactify_eval/images/stable_diffusion_3_079.jpg,1,stable_diffusion_3,3,Defactify_Image_Dataset,test,441,0.43752134,0
data/raw/defactify_eval/images/stable_diffusion_3_080.jpg,1,stable_diffusion_3,3,Defactify_Image_Dataset,test,443,0.7588707,1
data/raw/defactify_eval/images/stable_diffusion_3_081.jpg,1,stable_diffusion_3,3,Defactify_Image_Dataset,test,450,0.99843353,1
data/raw/defactify_eval/images/stable_diffusion_3_082.jpg,1,stable_diffusion_3,3,Defactify_Image_Dataset,test,453,0.09623758,0
data/raw/defactify_eval/images/stable_diffusion_3_083.jpg,1,stable_diffusion_3,3,Defactify_Image_Dataset,test,463,0.8358046,1
data/raw/defactify_eval/images/stable_diffusion_3_084.jpg,1,stable_diffusion_3,3,Defactify_Image_Dataset,test,464,0.7974661,1
data/raw/defactify_eval/images/stable_diffusion_3_085.jpg,1,stable_diffusion_3,3,Defactify_Image_Dataset,test,482,0.7804974,1
data/raw/defactify_eval/images/stable_diffusion_3_086.jpg,1,stable_diffusion_3,3,Defactify_Image_Dataset,test,484,0.90027386,1
data/raw/defactify_eval/images/stable_diffusion_3_087.jpg,1,stable_diffusion_3,3,Defactify_Image_Dataset,test,487,0.9635425,1
data/raw/defactify_eval/images/stable_diffusion_3_088.jpg,1,stable_diffusion_3,3,Defactify_Image_Dataset,test,489,0.9613923,1
data/raw/defactify_eval/images/stable_diffusion_3_089.jpg,1,stable_diffusion_3,3,Defactify_Image_Dataset,test,495,0.09290433,0
data/raw/defactify_eval/images/stable_diffusion_3_090.jpg,1,stable_diffusion_3,3,Defactify_Image_Dataset,test,502,0.9810734,1
data/raw/defactify_eval/images/stable_diffusion_3_091.jpg,1,stable_diffusion_3,3,Defactify_Image_Dataset,test,503,0.024184119,0
data/raw/defactify_eval/images/stable_diffusion_3_092.jpg,1,stable_diffusion_3,3,Defactify_Image_Dataset,test,516,0.7024133,1
data/raw/defactify_eval/images/stable_diffusion_3_093.jpg,1,stable_diffusion_3,3,Defactify_Image_Dataset,test,524,0.0235478,0
data/raw/defactify_eval/images/stable_diffusion_3_094.jpg,1,stable_diffusion_3,3,Defactify_Image_Dataset,test,526,0.8785292,1
data/raw/defactify_eval/images/stable_diffusion_3_095.jpg,1,stable_diffusion_3,3,Defactify_Image_Dataset,test,531,0.9347041,1
data/raw/defactify_eval/images/stable_diffusion_3_096.jpg,1,stable_diffusion_3,3,Defactify_Image_Dataset,test,532,0.9685444,1
data/raw/defactify_eval/images/stable_diffusion_3_097.jpg,1,stable_diffusion_3,3,Defactify_Image_Dataset,test,538,0.89370525,1
data/raw/defactify_eval/images/stable_diffusion_3_098.jpg,1,stable_diffusion_3,3,Defactify_Image_Dataset,test,540,0.061814304,0
data/raw/defactify_eval/images/stable_diffusion_3_099.jpg,1,stable_diffusion_3,3,Defactify_Image_Dataset,test,546,1.0,1
data/raw/defactify_eval/images/stable_diffusion_3_100.jpg,1,stable_diffusion_3,3,Defactify_Image_Dataset,test,547,0.11000335,0
data/raw/defactify_eval/images/dalle3_001.jpg,1,dalle3,4,Defactify_Image_Dataset,test,9,0.8670327,1
data/raw/defactify_eval/images/dalle3_002.jpg,1,dalle3,4,Defactify_Image_Dataset,test,12,0.98685944,1
data/raw/defactify_eval/images/dalle3_003.jpg,1,dalle3,4,Defactify_Image_Dataset,test,13,0.86948186,1
data/raw/defactify_eval/images/dalle3_004.jpg,1,dalle3,4,Defactify_Image_Dataset,test,17,0.9397025,1
data/raw/defactify_eval/images/dalle3_005.jpg,1,dalle3,4,Defactify_Image_Dataset,test,23,0.96968275,1
data/raw/defactify_eval/images/dalle3_006.jpg,1,dalle3,4,Defactify_Image_Dataset,test,33,0.97710514,1
data/raw/defactify_eval/images/dalle3_007.jpg,1,dalle3,4,Defactify_Image_Dataset,test,35,0.9164986,1
data/raw/defactify_eval/images/dalle3_008.jpg,1,dalle3,4,Defactify_Image_Dataset,test,41,0.91979635,1
data/raw/defactify_eval/images/dalle3_009.jpg,1,dalle3,4,Defactify_Image_Dataset,test,43,0.86915296,1
data/raw/defactify_eval/images/dalle3_010.jpg,1,dalle3,4,Defactify_Image_Dataset,test,44,0.9332972,1
data/raw/defactify_eval/images/dalle3_011.jpg,1,dalle3,4,Defactify_Image_Dataset,test,50,0.821434,1
data/raw/defactify_eval/images/dalle3_012.jpg,1,dalle3,4,Defactify_Image_Dataset,test,54,0.75816864,1
data/raw/defactify_eval/images/dalle3_013.jpg,1,dalle3,4,Defactify_Image_Dataset,test,55,0.77910846,1
data/raw/defactify_eval/images/dalle3_014.jpg,1,dalle3,4,Defactify_Image_Dataset,test,57,0.7497689,1
data/raw/defactify_eval/images/dalle3_015.jpg,1,dalle3,4,Defactify_Image_Dataset,test,58,0.92378205,1
data/raw/defactify_eval/images/dalle3_016.jpg,1,dalle3,4,Defactify_Image_Dataset,test,59,0.9268686,1
data/raw/defactify_eval/images/dalle3_017.jpg,1,dalle3,4,Defactify_Image_Dataset,test,67,0.8840924,1
data/raw/defactify_eval/images/dalle3_018.jpg,1,dalle3,4,Defactify_Image_Dataset,test,68,0.66264445,1
data/raw/defactify_eval/images/dalle3_019.jpg,1,dalle3,4,Defactify_Image_Dataset,test,86,0.9387429,1
data/raw/defactify_eval/images/dalle3_020.jpg,1,dalle3,4,Defactify_Image_Dataset,test,87,0.926548,1
data/raw/defactify_eval/images/dalle3_021.jpg,1,dalle3,4,Defactify_Image_Dataset,test,90,0.86296415,1
data/raw/defactify_eval/images/dalle3_022.jpg,1,dalle3,4,Defactify_Image_Dataset,test,93,0.9753984,1
data/raw/defactify_eval/images/dalle3_023.jpg,1,dalle3,4,Defactify_Image_Dataset,test,110,0.9946108,1
data/raw/defactify_eval/images/dalle3_024.jpg,1,dalle3,4,Defactify_Image_Dataset,test,111,0.8798477,1
data/raw/defactify_eval/images/dalle3_025.jpg,1,dalle3,4,Defactify_Image_Dataset,test,113,0.9707178,1
data/raw/defactify_eval/images/dalle3_026.jpg,1,dalle3,4,Defactify_Image_Dataset,test,120,0.97695357,1
data/raw/defactify_eval/images/dalle3_027.jpg,1,dalle3,4,Defactify_Image_Dataset,test,125,0.9852658,1
data/raw/defactify_eval/images/dalle3_028.jpg,1,dalle3,4,Defactify_Image_Dataset,test,130,0.87289125,1
data/raw/defactify_eval/images/dalle3_029.jpg,1,dalle3,4,Defactify_Image_Dataset,test,139,0.67559147,1
data/raw/defactify_eval/images/dalle3_030.jpg,1,dalle3,4,Defactify_Image_Dataset,test,140,0.91339535,1
data/raw/defactify_eval/images/dalle3_031.jpg,1,dalle3,4,Defactify_Image_Dataset,test,153,0.86782974,1
data/raw/defactify_eval/images/dalle3_032.jpg,1,dalle3,4,Defactify_Image_Dataset,test,160,0.92834324,1
data/raw/defactify_eval/images/dalle3_033.jpg,1,dalle3,4,Defactify_Image_Dataset,test,161,0.95580214,1
data/raw/defactify_eval/images/dalle3_034.jpg,1,dalle3,4,Defactify_Image_Dataset,test,172,0.98562545,1
data/raw/defactify_eval/images/dalle3_035.jpg,1,dalle3,4,Defactify_Image_Dataset,test,174,0.9827527,1
data/raw/defactify_eval/images/dalle3_036.jpg,1,dalle3,4,Defactify_Image_Dataset,test,189,0.11674119,0
data/raw/defactify_eval/images/dalle3_037.jpg,1,dalle3,4,Defactify_Image_Dataset,test,192,0.91502213,1
data/raw/defactify_eval/images/dalle3_038.jpg,1,dalle3,4,Defactify_Image_Dataset,test,196,0.9854984,1
data/raw/defactify_eval/images/dalle3_039.jpg,1,dalle3,4,Defactify_Image_Dataset,test,198,0.9499793,1
data/raw/defactify_eval/images/dalle3_040.jpg,1,dalle3,4,Defactify_Image_Dataset,test,204,0.929282,1
data/raw/defactify_eval/images/dalle3_041.jpg,1,dalle3,4,Defactify_Image_Dataset,test,206,0.96385187,1
data/raw/defactify_eval/images/dalle3_042.jpg,1,dalle3,4,Defactify_Image_Dataset,test,210,0.8747618,1
data/raw/defactify_eval/images/dalle3_043.jpg,1,dalle3,4,Defactify_Image_Dataset,test,211,0.9132206,1
data/raw/defactify_eval/images/dalle3_044.jpg,1,dalle3,4,Defactify_Image_Dataset,test,213,0.9227684,1
data/raw/defactify_eval/images/dalle3_045.jpg,1,dalle3,4,Defactify_Image_Dataset,test,225,0.9654525,1
data/raw/defactify_eval/images/dalle3_046.jpg,1,dalle3,4,Defactify_Image_Dataset,test,228,0.12061907,0
data/raw/defactify_eval/images/dalle3_047.jpg,1,dalle3,4,Defactify_Image_Dataset,test,234,0.91223764,1
data/raw/defactify_eval/images/dalle3_048.jpg,1,dalle3,4,Defactify_Image_Dataset,test,241,0.93073523,1
data/raw/defactify_eval/images/dalle3_049.jpg,1,dalle3,4,Defactify_Image_Dataset,test,252,0.8659434,1
data/raw/defactify_eval/images/dalle3_050.jpg,1,dalle3,4,Defactify_Image_Dataset,test,253,0.9691112,1
data/raw/defactify_eval/images/dalle3_051.jpg,1,dalle3,4,Defactify_Image_Dataset,test,258,0.98216105,1
data/raw/defactify_eval/images/dalle3_052.jpg,1,dalle3,4,Defactify_Image_Dataset,test,270,0.9054264,1
data/raw/defactify_eval/images/dalle3_053.jpg,1,dalle3,4,Defactify_Image_Dataset,test,284,0.8526438,1
data/raw/defactify_eval/images/dalle3_054.jpg,1,dalle3,4,Defactify_Image_Dataset,test,292,0.8788338,1
data/raw/defactify_eval/images/dalle3_055.jpg,1,dalle3,4,Defactify_Image_Dataset,test,306,0.9314008,1
data/raw/defactify_eval/images/dalle3_056.jpg,1,dalle3,4,Defactify_Image_Dataset,test,315,0.91274107,1
data/raw/defactify_eval/images/dalle3_057.jpg,1,dalle3,4,Defactify_Image_Dataset,test,317,0.960539,1
data/raw/defactify_eval/images/dalle3_058.jpg,1,dalle3,4,Defactify_Image_Dataset,test,318,0.73832655,1
data/raw/defactify_eval/images/dalle3_059.jpg,1,dalle3,4,Defactify_Image_Dataset,test,329,0.95000243,1
data/raw/defactify_eval/images/dalle3_060.jpg,1,dalle3,4,Defactify_Image_Dataset,test,339,0.7127544,1
data/raw/defactify_eval/images/dalle3_061.jpg,1,dalle3,4,Defactify_Image_Dataset,test,341,0.9809858,1
data/raw/defactify_eval/images/dalle3_062.jpg,1,dalle3,4,Defactify_Image_Dataset,test,354,0.9524007,1
data/raw/defactify_eval/images/dalle3_063.jpg,1,dalle3,4,Defactify_Image_Dataset,test,361,0.91674316,1
data/raw/defactify_eval/images/dalle3_064.jpg,1,dalle3,4,Defactify_Image_Dataset,test,363,0.9700113,1
data/raw/defactify_eval/images/dalle3_065.jpg,1,dalle3,4,Defactify_Image_Dataset,test,366,0.71813375,1
data/raw/defactify_eval/images/dalle3_066.jpg,1,dalle3,4,Defactify_Image_Dataset,test,374,0.99999654,1
data/raw/defactify_eval/images/dalle3_067.jpg,1,dalle3,4,Defactify_Image_Dataset,test,380,0.99585813,1
data/raw/defactify_eval/images/dalle3_068.jpg,1,dalle3,4,Defactify_Image_Dataset,test,381,0.9728789,1
data/raw/defactify_eval/images/dalle3_069.jpg,1,dalle3,4,Defactify_Image_Dataset,test,387,0.9300899,1
data/raw/defactify_eval/images/dalle3_070.jpg,1,dalle3,4,Defactify_Image_Dataset,test,407,0.9272843,1
data/raw/defactify_eval/images/dalle3_071.jpg,1,dalle3,4,Defactify_Image_Dataset,test,409,0.98915535,1
data/raw/defactify_eval/images/dalle3_072.jpg,1,dalle3,4,Defactify_Image_Dataset,test,410,0.8399059,1
data/raw/defactify_eval/images/dalle3_073.jpg,1,dalle3,4,Defactify_Image_Dataset,test,414,0.7626113,1
data/raw/defactify_eval/images/dalle3_074.jpg,1,dalle3,4,Defactify_Image_Dataset,test,415,0.8158033,1
data/raw/defactify_eval/images/dalle3_075.jpg,1,dalle3,4,Defactify_Image_Dataset,test,417,0.81875753,1
data/raw/defactify_eval/images/dalle3_076.jpg,1,dalle3,4,Defactify_Image_Dataset,test,418,0.96783674,1
data/raw/defactify_eval/images/dalle3_077.jpg,1,dalle3,4,Defactify_Image_Dataset,test,419,0.507295,1
data/raw/defactify_eval/images/dalle3_078.jpg,1,dalle3,4,Defactify_Image_Dataset,test,422,0.9990258,1
data/raw/defactify_eval/images/dalle3_079.jpg,1,dalle3,4,Defactify_Image_Dataset,test,430,0.8031616,1
data/raw/defactify_eval/images/dalle3_080.jpg,1,dalle3,4,Defactify_Image_Dataset,test,431,0.9987644,1
data/raw/defactify_eval/images/dalle3_081.jpg,1,dalle3,4,Defactify_Image_Dataset,test,435,0.9915257,1
data/raw/defactify_eval/images/dalle3_082.jpg,1,dalle3,4,Defactify_Image_Dataset,test,437,0.957941,1
data/raw/defactify_eval/images/dalle3_083.jpg,1,dalle3,4,Defactify_Image_Dataset,test,442,0.83232886,1
data/raw/defactify_eval/images/dalle3_084.jpg,1,dalle3,4,Defactify_Image_Dataset,test,445,0.9885399,1
data/raw/defactify_eval/images/dalle3_085.jpg,1,dalle3,4,Defactify_Image_Dataset,test,447,0.9137708,1
data/raw/defactify_eval/images/dalle3_086.jpg,1,dalle3,4,Defactify_Image_Dataset,test,456,0.9433232,1
data/raw/defactify_eval/images/dalle3_087.jpg,1,dalle3,4,Defactify_Image_Dataset,test,457,0.98535687,1
data/raw/defactify_eval/images/dalle3_088.jpg,1,dalle3,4,Defactify_Image_Dataset,test,460,0.43876794,0
data/raw/defactify_eval/images/dalle3_089.jpg,1,dalle3,4,Defactify_Image_Dataset,test,461,0.9166947,1
data/raw/defactify_eval/images/dalle3_090.jpg,1,dalle3,4,Defactify_Image_Dataset,test,496,0.9205169,1
data/raw/defactify_eval/images/dalle3_091.jpg,1,dalle3,4,Defactify_Image_Dataset,test,497,0.44928023,0
data/raw/defactify_eval/images/dalle3_092.jpg,1,dalle3,4,Defactify_Image_Dataset,test,499,0.9740267,1
data/raw/defactify_eval/images/dalle3_093.jpg,1,dalle3,4,Defactify_Image_Dataset,test,519,0.8963048,1
data/raw/defactify_eval/images/dalle3_094.jpg,1,dalle3,4,Defactify_Image_Dataset,test,521,0.8703919,1
data/raw/defactify_eval/images/dalle3_095.jpg,1,dalle3,4,Defactify_Image_Dataset,test,522,0.8352835,1
data/raw/defactify_eval/images/dalle3_096.jpg,1,dalle3,4,Defactify_Image_Dataset,test,530,0.9580469,1
data/raw/defactify_eval/images/dalle3_097.jpg,1,dalle3,4,Defactify_Image_Dataset,test,535,0.9451445,1
data/raw/defactify_eval/images/dalle3_098.jpg,1,dalle3,4,Defactify_Image_Dataset,test,539,0.650429,1
data/raw/defactify_eval/images/dalle3_099.jpg,1,dalle3,4,Defactify_Image_Dataset,test,542,0.9202781,1
data/raw/defactify_eval/images/dalle3_100.jpg,1,dalle3,4,Defactify_Image_Dataset,test,562,0.93826973,1
data/raw/defactify_eval/images/midjourney_6_001.jpg,1,midjourney_6,5,Defactify_Image_Dataset,test,0,0.8680061,1
data/raw/defactify_eval/images/midjourney_6_002.jpg,1,midjourney_6,5,Defactify_Image_Dataset,test,4,0.16692242,0
data/raw/defactify_eval/images/midjourney_6_003.jpg,1,midjourney_6,5,Defactify_Image_Dataset,test,15,0.17727347,0
data/raw/defactify_eval/images/midjourney_6_004.jpg,1,midjourney_6,5,Defactify_Image_Dataset,test,16,0.8814202,1
data/raw/defactify_eval/images/midjourney_6_005.jpg,1,midjourney_6,5,Defactify_Image_Dataset,test,28,0.97611713,1
data/raw/defactify_eval/images/midjourney_6_006.jpg,1,midjourney_6,5,Defactify_Image_Dataset,test,30,0.8930694,1
data/raw/defactify_eval/images/midjourney_6_007.jpg,1,midjourney_6,5,Defactify_Image_Dataset,test,39,0.96508795,1
data/raw/defactify_eval/images/midjourney_6_008.jpg,1,midjourney_6,5,Defactify_Image_Dataset,test,46,0.96262556,1
data/raw/defactify_eval/images/midjourney_6_009.jpg,1,midjourney_6,5,Defactify_Image_Dataset,test,65,0.9160043,1
data/raw/defactify_eval/images/midjourney_6_010.jpg,1,midjourney_6,5,Defactify_Image_Dataset,test,76,0.47023815,0
data/raw/defactify_eval/images/midjourney_6_011.jpg,1,midjourney_6,5,Defactify_Image_Dataset,test,91,0.99336785,1
data/raw/defactify_eval/images/midjourney_6_012.jpg,1,midjourney_6,5,Defactify_Image_Dataset,test,108,0.9805941,1
data/raw/defactify_eval/images/midjourney_6_013.jpg,1,midjourney_6,5,Defactify_Image_Dataset,test,118,0.12635642,0
data/raw/defactify_eval/images/midjourney_6_014.jpg,1,midjourney_6,5,Defactify_Image_Dataset,test,122,0.9525816,1
data/raw/defactify_eval/images/midjourney_6_015.jpg,1,midjourney_6,5,Defactify_Image_Dataset,test,127,0.739486,1
data/raw/defactify_eval/images/midjourney_6_016.jpg,1,midjourney_6,5,Defactify_Image_Dataset,test,133,0.9748082,1
data/raw/defactify_eval/images/midjourney_6_017.jpg,1,midjourney_6,5,Defactify_Image_Dataset,test,138,0.94969475,1
data/raw/defactify_eval/images/midjourney_6_018.jpg,1,midjourney_6,5,Defactify_Image_Dataset,test,141,0.9983845,1
data/raw/defactify_eval/images/midjourney_6_019.jpg,1,midjourney_6,5,Defactify_Image_Dataset,test,163,0.80497366,1
data/raw/defactify_eval/images/midjourney_6_020.jpg,1,midjourney_6,5,Defactify_Image_Dataset,test,165,0.987455,1
data/raw/defactify_eval/images/midjourney_6_021.jpg,1,midjourney_6,5,Defactify_Image_Dataset,test,173,0.038915407,0
data/raw/defactify_eval/images/midjourney_6_022.jpg,1,midjourney_6,5,Defactify_Image_Dataset,test,176,0.4299959,0
data/raw/defactify_eval/images/midjourney_6_023.jpg,1,midjourney_6,5,Defactify_Image_Dataset,test,178,0.8737114,1
data/raw/defactify_eval/images/midjourney_6_024.jpg,1,midjourney_6,5,Defactify_Image_Dataset,test,184,0.9208926,1
data/raw/defactify_eval/images/midjourney_6_025.jpg,1,midjourney_6,5,Defactify_Image_Dataset,test,186,0.12055126,0
data/raw/defactify_eval/images/midjourney_6_026.jpg,1,midjourney_6,5,Defactify_Image_Dataset,test,191,0.62785333,1
data/raw/defactify_eval/images/midjourney_6_027.jpg,1,midjourney_6,5,Defactify_Image_Dataset,test,195,0.9156783,1
data/raw/defactify_eval/images/midjourney_6_028.jpg,1,midjourney_6,5,Defactify_Image_Dataset,test,220,0.9772759,1
data/raw/defactify_eval/images/midjourney_6_029.jpg,1,midjourney_6,5,Defactify_Image_Dataset,test,235,0.60713947,1
data/raw/defactify_eval/images/midjourney_6_030.jpg,1,midjourney_6,5,Defactify_Image_Dataset,test,236,0.51043266,1
data/raw/defactify_eval/images/midjourney_6_031.jpg,1,midjourney_6,5,Defactify_Image_Dataset,test,240,0.99999964,1
data/raw/defactify_eval/images/midjourney_6_032.jpg,1,midjourney_6,5,Defactify_Image_Dataset,test,242,0.9261285,1
data/raw/defactify_eval/images/midjourney_6_033.jpg,1,midjourney_6,5,Defactify_Image_Dataset,test,251,0.04826131,0
data/raw/defactify_eval/images/midjourney_6_034.jpg,1,midjourney_6,5,Defactify_Image_Dataset,test,262,0.8311295,1
data/raw/defactify_eval/images/midjourney_6_035.jpg,1,midjourney_6,5,Defactify_Image_Dataset,test,264,0.45226854,0
data/raw/defactify_eval/images/midjourney_6_036.jpg,1,midjourney_6,5,Defactify_Image_Dataset,test,266,0.8255714,1
data/raw/defactify_eval/images/midjourney_6_037.jpg,1,midjourney_6,5,Defactify_Image_Dataset,test,276,0.84635025,1
data/raw/defactify_eval/images/midjourney_6_038.jpg,1,midjourney_6,5,Defactify_Image_Dataset,test,277,0.75343007,1
data/raw/defactify_eval/images/midjourney_6_039.jpg,1,midjourney_6,5,Defactify_Image_Dataset,test,282,0.9476424,1
data/raw/defactify_eval/images/midjourney_6_040.jpg,1,midjourney_6,5,Defactify_Image_Dataset,test,283,0.8762729,1
data/raw/defactify_eval/images/midjourney_6_041.jpg,1,midjourney_6,5,Defactify_Image_Dataset,test,290,0.9291953,1
data/raw/defactify_eval/images/midjourney_6_042.jpg,1,midjourney_6,5,Defactify_Image_Dataset,test,298,0.8904256,1
data/raw/defactify_eval/images/midjourney_6_043.jpg,1,midjourney_6,5,Defactify_Image_Dataset,test,300,0.9345296,1
data/raw/defactify_eval/images/midjourney_6_044.jpg,1,midjourney_6,5,Defactify_Image_Dataset,test,313,0.74411196,1
data/raw/defactify_eval/images/midjourney_6_045.jpg,1,midjourney_6,5,Defactify_Image_Dataset,test,314,0.9423766,1
data/raw/defactify_eval/images/midjourney_6_046.jpg,1,midjourney_6,5,Defactify_Image_Dataset,test,316,0.8524502,1
data/raw/defactify_eval/images/midjourney_6_047.jpg,1,midjourney_6,5,Defactify_Image_Dataset,test,320,0.77454716,1
data/raw/defactify_eval/images/midjourney_6_048.jpg,1,midjourney_6,5,Defactify_Image_Dataset,test,326,0.13698833,0
data/raw/defactify_eval/images/midjourney_6_049.jpg,1,midjourney_6,5,Defactify_Image_Dataset,test,328,0.7136901,1
data/raw/defactify_eval/images/midjourney_6_050.jpg,1,midjourney_6,5,Defactify_Image_Dataset,test,344,0.93947434,1
data/raw/defactify_eval/images/midjourney_6_051.jpg,1,midjourney_6,5,Defactify_Image_Dataset,test,345,0.9136024,1
data/raw/defactify_eval/images/midjourney_6_052.jpg,1,midjourney_6,5,Defactify_Image_Dataset,test,349,0.8425909,1
data/raw/defactify_eval/images/midjourney_6_053.jpg,1,midjourney_6,5,Defactify_Image_Dataset,test,353,0.10784791,0
data/raw/defactify_eval/images/midjourney_6_054.jpg,1,midjourney_6,5,Defactify_Image_Dataset,test,355,0.9171079,1
data/raw/defactify_eval/images/midjourney_6_055.jpg,1,midjourney_6,5,Defactify_Image_Dataset,test,358,0.9624822,1
data/raw/defactify_eval/images/midjourney_6_056.jpg,1,midjourney_6,5,Defactify_Image_Dataset,test,362,0.8184435,1
data/raw/defactify_eval/images/midjourney_6_057.jpg,1,midjourney_6,5,Defactify_Image_Dataset,test,372,0.6050285,1
data/raw/defactify_eval/images/midjourney_6_058.jpg,1,midjourney_6,5,Defactify_Image_Dataset,test,373,0.84546995,1
data/raw/defactify_eval/images/midjourney_6_059.jpg,1,midjourney_6,5,Defactify_Image_Dataset,test,386,0.9058344,1
data/raw/defactify_eval/images/midjourney_6_060.jpg,1,midjourney_6,5,Defactify_Image_Dataset,test,394,0.9278281,1
data/raw/defactify_eval/images/midjourney_6_061.jpg,1,midjourney_6,5,Defactify_Image_Dataset,test,406,0.9975376,1
data/raw/defactify_eval/images/midjourney_6_062.jpg,1,midjourney_6,5,Defactify_Image_Dataset,test,434,0.44102022,0
data/raw/defactify_eval/images/midjourney_6_063.jpg,1,midjourney_6,5,Defactify_Image_Dataset,test,451,0.9093014,1
data/raw/defactify_eval/images/midjourney_6_064.jpg,1,midjourney_6,5,Defactify_Image_Dataset,test,454,0.8764186,1
data/raw/defactify_eval/images/midjourney_6_065.jpg,1,midjourney_6,5,Defactify_Image_Dataset,test,468,0.8895492,1
data/raw/defactify_eval/images/midjourney_6_066.jpg,1,midjourney_6,5,Defactify_Image_Dataset,test,469,0.63313735,1
data/raw/defactify_eval/images/midjourney_6_067.jpg,1,midjourney_6,5,Defactify_Image_Dataset,test,491,0.84792733,1
data/raw/defactify_eval/images/midjourney_6_068.jpg,1,midjourney_6,5,Defactify_Image_Dataset,test,512,0.91625094,1
data/raw/defactify_eval/images/midjourney_6_069.jpg,1,midjourney_6,5,Defactify_Image_Dataset,test,513,0.91513354,1
data/raw/defactify_eval/images/midjourney_6_070.jpg,1,midjourney_6,5,Defactify_Image_Dataset,test,514,0.86228156,1
data/raw/defactify_eval/images/midjourney_6_071.jpg,1,midjourney_6,5,Defactify_Image_Dataset,test,520,0.6891039,1
data/raw/defactify_eval/images/midjourney_6_072.jpg,1,midjourney_6,5,Defactify_Image_Dataset,test,527,0.92796576,1
data/raw/defactify_eval/images/midjourney_6_073.jpg,1,midjourney_6,5,Defactify_Image_Dataset,test,533,0.98803127,1
data/raw/defactify_eval/images/midjourney_6_074.jpg,1,midjourney_6,5,Defactify_Image_Dataset,test,544,0.6724947,1
data/raw/defactify_eval/images/midjourney_6_075.jpg,1,midjourney_6,5,Defactify_Image_Dataset,test,553,0.5878988,1
data/raw/defactify_eval/images/midjourney_6_076.jpg,1,midjourney_6,5,Defactify_Image_Dataset,test,557,0.949894,1
data/raw/defactify_eval/images/midjourney_6_077.jpg,1,midjourney_6,5,Defactify_Image_Dataset,test,561,0.91933537,1
data/raw/defactify_eval/images/midjourney_6_078.jpg,1,midjourney_6,5,Defactify_Image_Dataset,test,565,0.89729947,1
data/raw/defactify_eval/images/midjourney_6_079.jpg,1,midjourney_6,5,Defactify_Image_Dataset,test,570,0.92612666,1
data/raw/defactify_eval/images/midjourney_6_080.jpg,1,midjourney_6,5,Defactify_Image_Dataset,test,572,0.91969573,1
data/raw/defactify_eval/images/midjourney_6_081.jpg,1,midjourney_6,5,Defactify_Image_Dataset,test,581,0.9510136,1
data/raw/defactify_eval/images/midjourney_6_082.jpg,1,midjourney_6,5,Defactify_Image_Dataset,test,591,0.94501317,1
data/raw/defactify_eval/images/midjourney_6_083.jpg,1,midjourney_6,5,Defactify_Image_Dataset,test,604,0.8835477,1
data/raw/defactify_eval/images/midjourney_6_084.jpg,1,midjourney_6,5,Defactify_Image_Dataset,test,610,0.81304765,1
data/raw/defactify_eval/images/midjourney_6_085.jpg,1,midjourney_6,5,Defactify_Image_Dataset,test,611,0.83628815,1
data/raw/defactify_eval/images/midjourney_6_086.jpg,1,midjourney_6,5,Defactify_Image_Dataset,test,612,0.9055883,1
data/raw/defactify_eval/images/midjourney_6_087.jpg,1,midjourney_6,5,Defactify_Image_Dataset,test,614,0.7672555,1
data/raw/defactify_eval/images/midjourney_6_088.jpg,1,midjourney_6,5,Defactify_Image_Dataset,test,617,0.75185823,1
data/raw/defactify_eval/images/midjourney_6_089.jpg,1,midjourney_6,5,Defactify_Image_Dataset,test,618,0.9505099,1
data/raw/defactify_eval/images/midjourney_6_090.jpg,1,midjourney_6,5,Defactify_Image_Dataset,test,621,0.8970808,1
data/raw/defactify_eval/images/midjourney_6_091.jpg,1,midjourney_6,5,Defactify_Image_Dataset,test,631,0.8669008,1
data/raw/defactify_eval/images/midjourney_6_092.jpg,1,midjourney_6,5,Defactify_Image_Dataset,test,633,0.9759389,1
data/raw/defactify_eval/images/midjourney_6_093.jpg,1,midjourney_6,5,Defactify_Image_Dataset,test,638,0.97445947,1
data/raw/defactify_eval/images/midjourney_6_094.jpg,1,midjourney_6,5,Defactify_Image_Dataset,test,645,0.06508642,0
data/raw/defactify_eval/images/midjourney_6_095.jpg,1,midjourney_6,5,Defactify_Image_Dataset,test,646,0.9530483,1
data/raw/defactify_eval/images/midjourney_6_096.jpg,1,midjourney_6,5,Defactify_Image_Dataset,test,647,0.6937227,1
data/raw/defactify_eval/images/midjourney_6_097.jpg,1,midjourney_6,5,Defactify_Image_Dataset,test,656,0.39848116,0
data/raw/defactify_eval/images/midjourney_6_098.jpg,1,midjourney_6,5,Defactify_Image_Dataset,test,658,0.23077424,0
data/raw/defactify_eval/images/midjourney_6_099.jpg,1,midjourney_6,5,Defactify_Image_Dataset,test,659,0.772517,1
data/raw/defactify_eval/images/midjourney_6_100.jpg,1,midjourney_6,5,Defactify_Image_Dataset,test,664,0.6306152,1
